{"La quemada 316, CDMX": [19.3968313, -99.148853], "WTC Ciudad de M\u00e9xico": [19.393152, -99.1737723], "Parque de los Venados": [19.3706329, -99.158782]}